{
  "data_points": [
    {
      "id": "cluster10",
      "alpha": 0.092,
      "n_requests": 500000,
      "n_unique": 499816,
      "avg_req_per_obj": 1.0,
      "one_hit_frac": 0.9997,
      "one_hit_pct": 99.97,
      "reuse_dist_p50": 2.0,
      "reuse_dist_p95": 14.7,
      "lru_hit_rate": 0.04,
      "part_p95": 388.5,
      "aff_p95": 375.3,
      "lru_p95": 450.8,
      "delta_part_over_aff": -13.2,
      "partitioned_wins": false
    },
    {
      "id": "cluster19",
      "alpha": 0.735,
      "n_requests": 500000,
      "n_unique": 434800,
      "avg_req_per_obj": 1.15,
      "one_hit_frac": 0.8867,
      "one_hit_pct": 88.67,
      "reuse_dist_p50": 406.0,
      "reuse_dist_p95": 259017.4,
      "lru_hit_rate": 9.02,
      "part_p95": 378.7,
      "aff_p95": 374.8,
      "lru_p95": 440.6,
      "delta_part_over_aff": -3.9,
      "partitioned_wins": false
    },
    {
      "id": "cluster7",
      "alpha": 1.067,
      "n_requests": 500000,
      "n_unique": 135952,
      "avg_req_per_obj": 3.678,
      "one_hit_frac": 0.1141,
      "one_hit_pct": 11.41,
      "reuse_dist_p50": 346.0,
      "reuse_dist_p95": 19389.0,
      "lru_hit_rate": 71.01,
      "part_p95": 272.3,
      "aff_p95": 375.3,
      "lru_p95": 318.5,
      "delta_part_over_aff": 103.0,
      "partitioned_wins": true
    },
    {
      "id": "cluster24",
      "alpha": 1.585,
      "n_requests": 500000,
      "n_unique": 13935,
      "avg_req_per_obj": 35.881,
      "one_hit_frac": 0.3961,
      "one_hit_pct": 39.61,
      "reuse_dist_p50": 15.0,
      "reuse_dist_p95": 596.0,
      "lru_hit_rate": 90.92,
      "part_p95": 156.7,
      "aff_p95": 373.5,
      "lru_p95": 180.7,
      "delta_part_over_aff": 216.8,
      "partitioned_wins": true
    }
  ],
  "model": {
    "predictor": "log(avg_req_per_obj)",
    "slope": 64.3835,
    "intercept": -5.1639,
    "r_squared": 0.9774,
    "threshold_avg_req": 1.08,
    "threshold_one_hit_pct": 99.1,
    "threshold_lru_hit_rate": 10.0,
    "r2_one_hit_frac": 0.5558,
    "r2_lru_hit_rate": 0.9304
  },
  "fitted_curve": {
    "avg_req": [
      0.8,
      0.9969849246231156,
      1.1939698492462312,
      1.3909547738693468,
      1.5879396984924625,
      1.784924623115578,
      1.9819095477386937,
      2.178894472361809,
      2.375879396984925,
      2.5728643216080407,
      2.769849246231156,
      2.9668341708542716,
      3.163819095477387,
      3.3608040201005025,
      3.557788944723618,
      3.7547738693467343,
      3.9517587939698497,
      4.148743718592965,
      4.345728643216081,
      4.542713567839196,
      4.739698492462312,
      4.936683417085427,
      5.1336683417085425,
      5.330653266331659,
      5.527638190954774,
      5.72462311557789,
      5.921608040201005,
      6.118592964824121,
      6.315577889447236,
      6.512562814070352,
      6.709547738693468,
      6.906532663316583,
      7.103517587939699,
      7.300502512562814,
      7.49748743718593,
      7.694472361809045,
      7.8914572864321615,
      8.088442211055277,
      8.285427135678393,
      8.482412060301508,
      8.679396984924624,
      8.87638190954774,
      9.073366834170855,
      9.270351758793971,
      9.467336683417086,
      9.664321608040202,
      9.861306532663319,
      10.058291457286433,
      10.25527638190955,
      10.452261306532664,
      10.64924623115578,
      10.846231155778895,
      11.043216080402011,
      11.240201005025128,
      11.437185929648242,
      11.634170854271359,
      11.831155778894473,
      12.02814070351759,
      12.225125628140706,
      12.42211055276382,
      12.619095477386937,
      12.816080402010051,
      13.013065326633168,
      13.210050251256282,
      13.407035175879399,
      13.604020100502515,
      13.80100502512563,
      13.997989949748746,
      14.19497487437186,
      14.391959798994977,
      14.588944723618091,
      14.785929648241208,
      14.982914572864324,
      15.179899497487439,
      15.376884422110555,
      15.57386934673367,
      15.770854271356786,
      15.967839195979902,
      16.164824120603015,
      16.36180904522613,
      16.558793969849248,
      16.755778894472364,
      16.95276381909548,
      17.149748743718593,
      17.34673366834171,
      17.543718592964826,
      17.740703517587942,
      17.93768844221106,
      18.13467336683417,
      18.331658291457288,
      18.528643216080404,
      18.72562814070352,
      18.922613065326637,
      19.11959798994975,
      19.316582914572866,
      19.513567839195982,
      19.7105527638191,
      19.907537688442215,
      20.104522613065328,
      20.301507537688444,
      20.49849246231156,
      20.695477386934677,
      20.89246231155779,
      21.089447236180906,
      21.286432160804022,
      21.48341708542714,
      21.680402010050255,
      21.877386934673368,
      22.074371859296484,
      22.2713567839196,
      22.468341708542717,
      22.665326633165833,
      22.862311557788946,
      23.059296482412062,
      23.25628140703518,
      23.453266331658295,
      23.65025125628141,
      23.847236180904524,
      24.04422110552764,
      24.241206030150757,
      24.438190954773873,
      24.635175879396986,
      24.832160804020102,
      25.02914572864322,
      25.226130653266335,
      25.42311557788945,
      25.620100502512564,
      25.81708542713568,
      26.014070351758797,
      26.211055276381913,
      26.40804020100503,
      26.605025125628142,
      26.80201005025126,
      26.998994974874375,
      27.19597989949749,
      27.392964824120607,
      27.58994974874372,
      27.786934673366837,
      27.983919597989953,
      28.18090452261307,
      28.377889447236182,
      28.5748743718593,
      28.771859296482415,
      28.96884422110553,
      29.165829145728647,
      29.36281407035176,
      29.559798994974877,
      29.756783919597993,
      29.95376884422111,
      30.150753768844226,
      30.34773869346734,
      30.544723618090455,
      30.74170854271357,
      30.938693467336687,
      31.135678391959804,
      31.332663316582916,
      31.529648241206033,
      31.72663316582915,
      31.923618090452266,
      32.120603015075375,
      32.31758793969849,
      32.51457286432161,
      32.711557788944724,
      32.90854271356784,
      33.10552763819096,
      33.30251256281407,
      33.49949748743718,
      33.6964824120603,
      33.893467336683415,
      34.09045226130653,
      34.28743718592965,
      34.484422110552764,
      34.68140703517588,
      34.878391959798996,
      35.07537688442211,
      35.27236180904523,
      35.46934673366834,
      35.666331658291455,
      35.86331658291457,
      36.06030150753769,
      36.257286432160804,
      36.45427135678392,
      36.651256281407036,
      36.84824120603015,
      37.04522613065327,
      37.24221105527638,
      37.439195979899495,
      37.63618090452261,
      37.83316582914573,
      38.030150753768844,
      38.22713567839196,
      38.424120603015076,
      38.62110552763819,
      38.81809045226131,
      39.015075376884425,
      39.212060301507535,
      39.40904522613065,
      39.60603015075377,
      39.803015075376884,
      40.0
    ],